INSERT INTO  vehicles (vehicle_id, brand, capacity, color, description, engine_type, image, location, name, pricing)
VALUES(1, 'tesla', 45, 'blues', 'This is a car of Japan', 'Solar cars', 'https://www.pilgrim-motorsports.co.uk/wp-content/uploads/2021/01/Pilgrim-Metallic-LeMans-Blue-Snipping-Tool.jpg.webp', 'Shizuoka', 'Sora', 300000000);
INSERT INTO  vehicles (vehicle_id, brand, capacity, color, description, engine_type, image, location, name, pricing)
VALUES(2, 'Lada', 45, 'blues', 'This is a car of Russia', 'Petrol engines', 'https://znews-photo.zingcdn.me/w660/Uploaded/uopuoka/2015_04_14/b5.jpg', 'Samara Oblast', 'AvtoVAZ', 450000000);
INSERT INTO  vehicles (vehicle_id, brand, capacity, color, description, engine_type, image, location, name, pricing)
VALUES(3, 'Noble', 45, 'blues', 'This is a car of United Kingdom', 'Petrol engines', 'https://3.bp.blogspot.com/-d9ELHMTjTOw/Vk2NfKUqxMI/AAAAAAAAC8I/nLTBusW3Yc4/s1600/Dong%2Bxe%2BNoble.jpg', 'England', 'Noble Automotive Ltd', 34500000);
INSERT INTO  vehicles (vehicle_id, brand, capacity, color, description, engine_type, image, location, name, pricing)
VALUES(4, 'Volvo', 45, 'blues', 'This is a car of Sweden', 'Solar cars', 'https://danchoioto.vn/wp-content/uploads/2020/12/volvo-s60-thuoc-phan-khuc-sedan-hang-sang-co-nho.jpg.webp', 'Gothenburg', 'Polestar ', 398000000);
INSERT INTO  vehicles (vehicle_id, brand, capacity, color, description, engine_type, image, location, name, pricing)
VALUES(5, ' MG', 7, 'lightgrey', 'This is a car of United Kingdom', 'Petrol engines', 'https://i2-vnexpress.vnecdn.net/2022/02/10/MG5VnETOPjpg-1644465066.jpg?w=750&h=450&q=100&dpr=1&fit=crop&s=T0cPdu2K9JrWDkDbEnLVgg', 'Birmingham', 'MG', 123000000);
INSERT INTO  vehicles (vehicle_id, brand, capacity, color, description, engine_type, image, location, name, pricing)
VALUES(6, 'VinFast ', 7, 'pink', 'This is a car of South Korea', 'Solar cars', 'https://autodetailing.vn/wp-content/uploads/2021/12/xe-mau-nau-dat-1024x621.png', 'Haiphong', 'VinFast ', 145000000);
INSERT INTO  vehicles (vehicle_id, brand, capacity, color, description, engine_type, image, location, name, pricing)
VALUES(7, 'SsangYong Motor', 45, 'black', 'This is a car of Seoul', 'Solar cars', 'https://news.oto-hui.com/wp-content/uploads/2020/04/SsangYong-Motor-b%E1%BB%8B-Mahindra-r%C3%BAt-v%E1%BB%91n-%C4%91%E1%BA%A7u-t%C6%B0-1.jpg', 'SsangYong', 'Sora', 367000000);
INSERT INTO  vehicles (vehicle_id, brand, capacity, color, description, engine_type, image, location, name, pricing)
VALUES(8, 'SsangYong Motor', 45, 'black', 'This is a car of Seoul', 'Solar cars', 'https://news.oto-hui.com/wp-content/uploads/2020/04/SsangYong-Motor-b%E1%BB%8B-Mahindra-r%C3%BAt-v%E1%BB%91n-%C4%91%E1%BA%A7u-t%C6%B0-1.jpg', 'SsangYong', 'Sora', 367000000);
INSERT INTO  vehicles (vehicle_id, brand, capacity, color, description, engine_type, image, location, name, pricing)
VALUES(9, 'Brabus', 7, 'blues', 'This is a car of Germany', 'Petrol engines', 'https://i2-vnexpress.vnecdn.net/2022/10/28/Brabus-G800-1.jpg?w=1200&h=0&q=100&dpr=1&fit=crop&s=tZuVlkuudGnk-W_UuGNhSw', 'Bottrop', 'Brabus', 34500000);
INSERT INTO  vehicles (vehicle_id, brand, capacity, color, description, engine_type, image, location, name, pricing)
VALUES(10, 'Jetta ', 7, 'blues', 'This is a car of China', 'Solar cars', 'https://xeotogiadinh.com/wp-content/uploads/2017/07/VOLKSWAGEN-NEW-JETTA-e1516676097752.jpg', 'Jilin', 'Jetta  ', 398000000);
INSERT INTO  vehicles (vehicle_id, brand, capacity, color, description, engine_type, image, location, name, pricing)
VALUES(11, 'MAZ', 45, 'lightgrey', 'This is a car of Belarus', 'Petrol engines', 'http://otonhanluc.com//upload/product/555660353609.jpg', 'Minsk', 'Minsk Automobile Plant ', 123000000);
INSERT INTO  vehicles (vehicle_id, brand, capacity, color, description, engine_type, image, location, name, pricing)
VALUES(12, 'SAIC Motor ', 7, 'pink', 'This is a car of China', 'Solar cars', 'https://sieuthiotoonline.com.vn/wp-content/uploads/2021/01/SAIC-Motor.jpg', 'Shanghai', 'SAIC Motor ', 145000000);
INSERT INTO  vehicles (vehicle_id, brand, capacity, color, description, engine_type, image, location, name, pricing)
VALUES(13, 'MAN', 3, 'black', 'This is a car of  Germany', 'Solar cars', 'https://otohoanglong.vn/wp-content/uploads/2022/10/man-1-cau-4x2.jpg', 'Munich', 'MAN', 367000000);
INSERT INTO  vehicles (vehicle_id, brand, capacity, color, description, engine_type, image, location, name, pricing)
VALUES(14, 'VLF', 7, 'lightgrey', 'This is a car of United States', 'Petrol engines', 'https://autopro8.mediacdn.vn/k:thumb_w/640/2016/autopro-vlf-force-1-2-1452674462359/vlf-force-1--sieu-xe-dua-tren-dodge-viper-gia-tu-268500-usd.jpg', 'America', 'VLF', 123000000);
INSERT INTO  vehicles (vehicle_id, brand, capacity, color, description, engine_type, image, location, name, pricing)
VALUES(15, 'Vencer ', 7, 'pink', 'This is a car of Netherlands', 'Petrol engines', 'https://static1.cafeauto.vn/cafeautoData/upload/tintuc/thitruong/2014/09/tuan-03/1-1411378473.jpg', 'Vriezenveen', 'Vencer', 145000000);
INSERT INTO  vehicles (vehicle_id, brand, capacity, color, description, engine_type, image, location, name, pricing)
VALUES(16, 'Volkswagen', 7, 'black', 'This is a car of Germany', 'Petrol engines', 'https://storage.googleapis.com/f1-cms/2020/09/854e03dd-20200916_061216.jpg', 'Wolfsburg', 'Volkswagen', 367000000);
INSERT INTO  vehicles (vehicle_id, brand, capacity, color, description, engine_type, image, location, name, pricing)
VALUES(17, 'Toyota Motor', 7, 'lightgrey', 'This is a car of Japan', 'Petrol engines', 'https://cdnimg.vietnamplus.vn/uploaded/ngtmbh/2023_03_24/camry.jpg', 'Aichi', 'Toyota Motor', 123000000);
INSERT INTO  vehicles (vehicle_id, brand, capacity, color, description, engine_type, image, location, name, pricing)
VALUES(18, 'Michelin ', 7, 'pink', 'This is a car of France', 'Solar cars', 'https://upload.wikimedia.org/wikipedia/commons/thumb/6/6e/Citroen_Mille_Pattes_1972.JPG/1920px-Citroen_Mille_Pattes_1972.JPG', 'Clermont-Ferrand', 'Michelin', 145000000);
INSERT INTO  vehicles (vehicle_id, brand, capacity, color, description, engine_type, image, location, name, pricing)
VALUES(19, 'Bridgestone', 3, 'black', 'This is a car of  Japan', 'Petrol engines', 'https://etimg.etb2bimg.com/photo/78364909.cms', 'Tokyo', 'Bridgestone', 367000000);
INSERT INTO  vehicles (vehicle_id, brand, capacity, color, description, engine_type, image, location, name, pricing)
VALUES(20, 'Mercedes-Benz', 7, 'lightgrey', 'This is a car of Germany', 'Petrol engines', 'https://imgd.aeplcdn.com/664x374/n/cw/ec/36129/g-class-exterior-right-front-three-quarter.jpeg?isig=0&q=75', 'Stuttgart', 'Mercedes-Benz', 123000000);
INSERT INTO  vehicles (vehicle_id, brand, capacity, color, description, engine_type, image, location, name, pricing)
VALUES(21, 'Ford Motor ', 7, 'pink', 'This is a car of U.S', 'Petrol engines', 'https://www.ford.com/cmslibs/content/dam/brand_ford/en_us/brand/suvs-crossovers/mache/21-9/22_FRD_XBD_56205_21x9.jpg/jcr:content/renditions/cq5dam.web.2160.2160.jpeg', 'Michigan', 'Ford Motor', 145000000);
INSERT INTO  vehicles (vehicle_id, brand, capacity, color, description, engine_type, image, location, name, pricing)
VALUES(22, 'BMW ', 7, 'black', 'This is a car of Germany', 'Petrol engines', 'https://cdni.autocarindia.com/utils/imageresizer.ashx?n=https://cms.haymarketindia.net/model/uploads/modelimages/BMW-2-Series-Gran-Coupe-271220221147.jpg', 'Munich', 'BMW ', 367000000);
INSERT INTO  vehicles (vehicle_id, brand, capacity, color, description, engine_type, image, location, name, pricing)
VALUES(23, 'Honda  ', 7, 'white', 'This is a car of Japan', 'Petrol engines', 'https://imgd.aeplcdn.com/664x374/n/cw/ec/134287/2023-city-exterior-right-front-three-quarter.jpeg?isig=0&q=75', 'Tokyo', 'Honda  ', 450000000);
INSERT INTO  vehicles (vehicle_id, brand, capacity, color, description, engine_type, image, location, name, pricing)
VALUES(24, 'General Motors', 7, 'blues', 'This is a car of United States', 'Petrol engines', 'https://cdn.abcotvs.com/dip/images/4780451_112818ccgmchevroletvoltimg.jpg', 'Michigan', 'General Motors', 34500000);
INSERT INTO  vehicles (vehicle_id, brand, capacity, color, description, engine_type, image, location, name, pricing)
VALUES(25, 'Hyundai Motor ', 7, 'blues', 'This is a car of South Korea', 'Solar cars', 'https://imgd.aeplcdn.com/0x0/n/cw/ec/100121/i20-n-line-exterior-right-front-three-quarter-12.jpeg?isig=0', 'Seoul', 'Hyundai Motor  ', 398000000);
INSERT INTO  vehicles (vehicle_id, brand, capacity, color, description, engine_type, image, location, name, pricing)
VALUES(26, 'Dongfeng Motor', 7, 'lightgrey', 'This is a car of China', 'Petrol engines', 'https://carsguide-res.cloudinary.com/image/upload/f_auto,fl_lossy,q_auto,t_cg_hero_large/v1/editorial/story/hero_image/2019-Alpine-A110-coupe-blue-1001x565-%281%29.jpg', 'Hubei', 'Dongfeng Motor', 123000000);
INSERT INTO  vehicles (vehicle_id, brand, capacity, color, description, engine_type, image, location, name, pricing)
VALUES(27, 'Nissan  ', 7, 'pink', 'This is a car of Japan', 'Solar cars', 'https://imgd.aeplcdn.com/664x374/n/cw/ec/45795/magnite-exterior-right-front-three-quarter-9.jpeg?isig=0&q=75', 'Yokohama', 'Nissan ', 145000000);
INSERT INTO  vehicles (vehicle_id, brand, capacity, color, description, engine_type, image, location, name, pricing)
VALUES(28, 'Kia Motor', 3, 'black', 'This is a car of  South Korea', 'Petrol engines', 'https://www.kia.com/content/dam/kia/us/en/home2-0/mtf-carousel/sedan/stinger/kia_stinger_2022_large-middle.png', 'Seoul', 'Kia Motor', 367000000);
INSERT INTO  vehicles (vehicle_id, brand, capacity, color, description, engine_type, image, location, name, pricing)
VALUES(29, 'Renault', 7, 'lightgrey', 'This is a car of France', 'Petrol engines', 'https://carsguide-res.cloudinary.com/image/upload/f_auto,fl_lossy,q_auto,t_cg_hero_large/v1/editorial/story/hero_image/2019-Alpine-A110-coupe-blue-1001x565-%281%29.jpg', 'Boulogne-Billancourt', 'Renault ', 123000000);
INSERT INTO  vehicles (vehicle_id, brand, capacity, color, description, engine_type, image, location, name, pricing)
VALUES(30, 'Geely  ', 7, 'pink', 'This is a car of China', 'Petrol engines', 'https://imgd.aeplcdn.com/0x0/n/cw/ec/100121/i20-n-line-exterior-right-front-three-quarter-12.jpeg?isig=0', 'Zhejiang', 'Geely ', 145000000);
INSERT INTO  vehicles (vehicle_id, brand, capacity, color, description, engine_type, image, location, name, pricing)
VALUES(31, 'Tata ', 7, 'black', 'This is a car of India', 'Petrol engines', 'https://imgd.aeplcdn.com/664x374/n/cw/ec/41645/tata-nexon-right-front-three-quarter3.jpeg?q=75', 'Maharashtra', 'Tata ', 367000000);
INSERT INTO  vehicles (vehicle_id, brand, capacity, color, description, engine_type, image, location, name, pricing)
VALUES(32, 'Continental  ', 7, 'black', 'This is a car of Germany', 'Petrol engines', 'https://upload.wikimedia.org/wikipedia/commons/thumb/0/0b/2019_Lincoln_Continental_%22Select%22%2C_front_10.29.19.jpg/420px-2019_Lincoln_Continental_%22Select%22%2C_front_10.29.19.jpg', 'Hanover', 'Continental  ', 367000000);
INSERT INTO  vehicles (vehicle_id, brand, capacity, color, description, engine_type, image, location, name, pricing)
VALUES(33, 'Goodyear  ', 7, 'black', 'This is a car of U.S', 'Petrol engines', 'https://carsguide-res.cloudinary.com/image/upload/f_auto,fl_lossy,q_auto,t_cg_hero_large/v1/editorial/story/hero_image/2019-Alpine-A110-coupe-blue-1001x565-%281%29.jpg', 'Ohio', 'Goodyear  ', 367000000);
INSERT INTO  vehicles (vehicle_id, brand, capacity, color, description, engine_type, image, location, name, pricing)
VALUES(34, 'Sumitomo  ', 7, 'black', 'This is a car of Japan', 'Petrol engines', 'https://i0.wp.com/electriccarsreport.com/wp-content/uploads/2010/09/Nissan-Leaf-UK.jpg?w=620&ssl=1', 'Hyogo', 'Sumitomo  ', 367000000);
INSERT INTO  vehicles (vehicle_id, brand, capacity, color, description, engine_type, image, location, name, pricing)
VALUES(35, 'Hankook  ', 7, 'black', 'This is a car of South Korea', 'Petrol engines', 'https://www.gran-turismo.com/gtsport/livery/7350441939894830617_23.jpg', 'Seoul', 'Hankook  ', 367000000);

INSERT INTO hour (hour_id, hour)VALUES(1, 'AM') , (2, 'PM');

INSERT INTO vehicles_hour
(status, hour_id, vehicle_id)
VALUES(true, 1, 1) ,
      (true, 2, 1),
      (true, 1, 2) ,
      (true, 2, 2) ,
      (true, 1, 3) ,
      (true, 2, 3),
      (true, 1, 4) ,
      (true, 2, 4) ,
      (true, 1, 5) ,
      (true, 2, 5),
      (true, 1, 6) ,
      (true, 2, 6) ,
      (true, 1, 7) ,
      (true, 2, 7),
      (true, 1, 8) ,
      (true, 2, 8) ,
      (true, 1, 9) ,
      (true, 2, 9),
      (true, 1, 10) ,
      (true, 2, 10) ,
      (true, 1, 11) ,
      (true, 2, 11),
      (true, 1, 12) ,
      (true, 2, 12) ,
      (true, 1, 13) ,
      (true, 2, 13),
      (true, 1, 14) ,
      (true, 2, 14) ,
      (true, 1, 15) ,
      (true, 2, 15),
      (true, 1, 16) ,
      (true, 2, 16) ,
      (true, 1, 17) ,
      (true, 2, 17),
      (true, 1, 18) ,
      (true, 2, 18) ,
      (true, 1, 19) ,
      (true, 2, 19),
      (true, 1, 20) ,
      (true, 2, 20) ,
      (true, 1, 21) ,
      (true, 2, 21),
      (true, 1, 22) ,
      (true, 2, 22) ,
      (true, 1, 23) ,
      (true, 2, 23),
      (true, 1, 24) ,
      (true, 2, 24) ,
      (true, 1, 25) ,
      (true, 2, 25),
      (true, 1, 26) ,
      (true, 2, 26) ,
      (true, 1, 27) ,
      (true, 2, 27),
      (true, 1, 28) ,
      (true, 2, 28) ,
      (true, 1, 29) ,
      (true, 2, 29),
      (true, 1, 30) ,
      (true, 2, 30) ,
      (true, 1, 31) ,
      (true, 2, 31),
      (true, 1, 32) ,
      (true, 2, 32) ,
      (true, 1, 33) ,
      (true, 2, 33),
      (true, 1, 34) ,
      (true, 2, 34) ,
      (true, 1, 35) ,
      (true, 2, 35);